ID	Tutor	Gender	BirthYear
1	Jack	Female	1998
2	Jack	Female	1998
3	Damiano	Female	1995
4	Tom	Female	1996
5	Eyal	Male	1998
6	Andreas	Male	1998
7	Andreas	Female	1998
8	Damiano	Female	1999
9	Jack	Female	1998
10	Jack	Female	1998
11	Eyal	Female	1998
12	Harry	Male	1995
13	Eyal	Female	1996
14	Harry	Female	1997
15	Harry	Male	1997
16	Harry	Male	1998
17	Tom	Female	1998
18	Tom	Female	1998
19	Eyal	Female	1998
20	Harry	Female	1999
21	Pietro	Male	1996
22	Pietro	Female	1997
23	Pietro	Female	1998
24	Pietro	Female	1998
25	Johannes	Male	1998
26	Johannes	Female	1999
27	Pietro	Male	1998
28	Harry	Female	1996
29	Harry	Female	1997
30	Damiano	Female	1996
31	Damiano	Male	1997
32	Damiano	Female	1998
33	Tom	Male	1998
34	Eyal	Male	1997
35	Johannes	Male	1997
36	Jack	Female	1998
37	Emma	Female	1997
38	Johannes	Male	1996
39	Johannes	Male	1998
40	Johannes	Male	1992
41	Harry	Male	1994
42	Eyal	Male	1987
43	Pietro	Male	1997
44	Damiano	Male	1994
45	Pietro	Male	1998
46	Pietro	Male	1998
47	Emma	Female	1997
48	Emma	Female	1999
49	Emma	Male	1997
50	Jack	Male	1997
51	Tom	Male	1999
52	Johannes	Male	1995
53	Jack	Male	1998
54	Tom	Female	1997
55	Jack	Female	1998
56	Eyal	Male	1998
57	Eyal	Male	1999
58	Andreas	Male	1998
59	Andreas	Male	1997
60	Jack	Male	1999
61	Andreas	Male	1997
62	Tom	Male	1997
63	Tom	Male	1992
64	Damiano	Male	1998
